{
    "12": {
        "soma": {
            "decay_time_constant_after_stim": [
                9.23412299586127,
                0.13738653865494382
            ],
            "steady_state_voltage": [
                -67.06470485661194,
                0.44868603809071317
            ],
            "steady_state_voltage_stimend": [
                -45.91949919035671,
                0.23710031329237652
            ],
            "voltage_base": [
                -66.78422038815856,
                0.467841690381313
            ]
        }
    },
    "4": {
        "soma": {
            "decay_time_constant_after_stim": [
                3.655936175487099,
                0.13738653865494382
            ],
            "sag_amplitude": [
                8.091430594048873,
                0.026531956162541278
            ],
            "steady_state_voltage": [
                -65.41074637950882,
                0.44868603809071317
            ],
            "steady_state_voltage_stimend": [
                -80.97105987810238,
                0.23710031329237652
            ],
            "voltage_base": [
                -67.27000733721556,
                0.467841690381313
            ]
        }
    },
    "5": {
        "soma": {
            "decay_time_constant_after_stim": [
                4.168072733850569,
                0.13738653865494382
            ],
            "sag_amplitude": [
                6.590088855038289,
                0.026531956162541278
            ],
            "steady_state_voltage": [
                -65.85781136172635,
                0.44868603809071317
            ],
            "steady_state_voltage_stimend": [
                -78.81616114496171,
                0.23710031329237652
            ],
            "voltage_base": [
                -67.02634921700644,
                0.467841690381313
            ]
        }
    },
    "6": {
        "soma": {
            "decay_time_constant_after_stim": [
                3.9125532993637155,
                0.13738653865494382
            ],
            "sag_amplitude": [
                4.98816138644078,
                0.026531956162541278
            ],
            "steady_state_voltage": [
                -66.25973211679631,
                0.44868603809071317
            ],
            "steady_state_voltage_stimend": [
                -77.19933861355922,
                0.23710031329237652
            ],
            "voltage_base": [
                -67.97944282774613,
                0.467841690381313
            ]
        }
    },
    "7": {
        "soma": {
            "decay_time_constant_after_stim": [
                5.170856036486447,
                0.13738653865494382
            ],
            "sag_amplitude": [
                3.3344694401839945,
                0.026531956162541278
            ],
            "steady_state_voltage": [
                -65.91714963072542,
                0.44868603809071317
            ],
            "steady_state_voltage_stimend": [
                -74.103030559816,
                0.23710031329237652
            ],
            "voltage_base": [
                -66.94589530249905,
                0.467841690381313
            ]
        }
    },
    "8": {
        "soma": {
            "decay_time_constant_after_stim": [
                7.3508929217236245,
                0.13738653865494382
            ],
            "sag_amplitude": [
                1.6856495687937922,
                0.026531956162541278
            ],
            "steady_state_voltage": [
                -66.36610066826776,
                0.44868603809071317
            ],
            "steady_state_voltage_stimend": [
                -71.40809566731448,
                0.23710031329237652
            ],
            "voltage_base": [
                -66.79319654350101,
                0.467841690381313
            ]
        }
    }
}