{
    "10": {
        "soma": {
            "AHP1_depth_from_peak": [
                92.28064499181559,
                1.5941397286477705
            ],
            "AHP_depth": [
                0.9707247259799914,
                0.41318494092716146
            ],
            "AHP_time_from_peak": [
                1.1999999999989086,
                0.09396310816655191
            ],
            "AP1_peak": [
                27.280968925739614,
                1.2712279267036983
            ],
            "AP1_width": [
                0.4279599871138074,
                0.015130429758625394
            ],
            "Spikecount": [
                1.0,
                0.021739130434782608
            ],
            "decay_time_constant_after_stim": [
                8.662314723198305,
                0.13738653865494382
            ],
            "depol_block": [
                1.0,
                0.05
            ],
            "inv_first_ISI": [
                0.0,
                0.05
            ],
            "mean_AP_amplitude": [
                63.68696168337653,
                1.9101095709524938
            ],
            "steady_state_voltage": [
                -66.05508111199211,
                0.44868603809071317
            ],
            "steady_state_voltage_stimend": [
                -42.414689026948224,
                0.23710031329237652
            ],
            "time_to_first_spike": [
                15.739993286293611,
                2.2833333333314463
            ],
            "voltage_base": [
                -65.97040079205597,
                0.467841690381313
            ]
        }
    },
    "11": {
        "soma": {
            "AHP1_depth_from_peak": [
                92.8393102282397,
                1.5941397286477705
            ],
            "AHP_depth": [
                0.5004112745806992,
                0.41318494092716146
            ],
            "AHP_time_from_peak": [
                1.1999999999989086,
                0.09396310816655191
            ],
            "AP1_peak": [
                26.87056975616937,
                1.2712279267036983
            ],
            "AP1_width": [
                0.4451566137157983,
                0.015130429758625394
            ],
            "Spikecount": [
                1.0,
                0.021739130434782608
            ],
            "decay_time_constant_after_stim": [
                8.968626558390907,
                0.13738653865494382
            ],
            "depol_block": [
                1.0,
                0.05
            ],
            "inv_first_ISI": [
                0.0,
                0.05
            ],
            "mean_AP_amplitude": [
                62.995517352532744,
                1.9101095709524938
            ],
            "steady_state_voltage": [
                -66.35806417372757,
                0.44868603809071317
            ],
            "steady_state_voltage_stimend": [
                -44.27941204952954,
                0.23710031329237652
            ],
            "time_to_first_spike": [
                18.539993286291065,
                2.2833333333314463
            ],
            "voltage_base": [
                -66.46915174665102,
                0.467841690381313
            ]
        }
    },
    "12": {
        "soma": {
            "Spikecount": [
                0.0,
                0.05
            ],
            "decay_time_constant_after_stim": [
                9.23412299586127,
                0.13738653865494382
            ],
            "depol_block": [
                1.0,
                0.05
            ],
            "inv_first_ISI": [
                0.0,
                0.05
            ],
            "steady_state_voltage": [
                -67.06470485661194,
                0.44868603809071317
            ],
            "steady_state_voltage_stimend": [
                -45.91949919035671,
                0.23710031329237652
            ],
            "voltage_base": [
                -66.78422038815856,
                0.467841690381313
            ]
        }
    },
    "13": {
        "soma": {
            "AHP1_depth_from_peak": [
                90.6894674010897,
                1.5941397286477705
            ],
            "AHP_depth": [
                0.7312182547571098,
                0.41318494092716146
            ],
            "AHP_time_from_peak": [
                1.1999999999989086,
                0.09396310816655191
            ],
            "AP1_peak": [
                24.439467401089708,
                1.2712279267036983
            ],
            "AP1_width": [
                0.42867892331048535,
                0.015130429758625394
            ],
            "Spikecount": [
                8.0,
                0.021739130434782608
            ],
            "decay_time_constant_after_stim": [
                7.650642582377195,
                0.13738653865494382
            ],
            "depol_block": [
                1.0,
                0.05
            ],
            "inv_first_ISI": [
                7.812500000007105,
                0.214583806878325
            ],
            "mean_AP_amplitude": [
                59.25273484730504,
                1.9101095709524938
            ],
            "steady_state_voltage": [
                -66.6133868713402,
                0.44868603809071317
            ],
            "steady_state_voltage_stimend": [
                -42.4426224391768,
                0.23710031329237652
            ],
            "time_to_first_spike": [
                12.63999328629643,
                2.2833333333314463
            ],
            "voltage_base": [
                -66.98121825475711,
                0.467841690381313
            ]
        }
    },
    "15": {
        "soma": {
            "AHP1_depth_from_peak": [
                92.12586699005375,
                1.5941397286477705
            ],
            "AHP_depth": [
                1.5816128411102852,
                0.41318494092716146
            ],
            "AHP_time_from_peak": [
                0.9999999999990905,
                0.09396310816655191
            ],
            "AP1_peak": [
                28.09458364428109,
                1.2712279267036983
            ],
            "AP1_width": [
                0.4062473725946286,
                0.015130429758625394
            ],
            "Spikecount": [
                56.0,
                0.021739130434782608
            ],
            "decay_time_constant_after_stim": [
                3.664188182604512,
                0.13738653865494382
            ],
            "depol_block": [
                1.0,
                0.05
            ],
            "inv_first_ISI": [
                126.58227848112779,
                0.214583806878325
            ],
            "mean_AP_amplitude": [
                61.4294047941532,
                1.9101095709524938
            ],
            "steady_state_voltage": [
                -65.43619104888897,
                0.44868603809071317
            ],
            "steady_state_voltage_stimend": [
                -38.70606424316344,
                0.23710031329237652
            ],
            "time_to_first_spike": [
                5.639993286302797,
                2.2833333333314463
            ],
            "voltage_base": [
                -65.61289618688295,
                0.467841690381313
            ]
        }
    },
    "4": {
        "soma": {
            "decay_time_constant_after_stim": [
                3.655936175487099,
                0.13738653865494382
            ],
            "sag_amplitude": [
                8.091430594048873,
                0.026531956162541278
            ],
            "steady_state_voltage": [
                -65.41074637950882,
                0.44868603809071317
            ],