{
    "10": {
        "soma": {
            "Spikecount": [
                0.0,
                0.05
            ],
            "decay_time_constant_after_stim": [
                13.811146263344881,
                0.13738653865494382
            ],
            "depol_block": [
                1.0,
                0.05
            ],
            "inv_first_ISI": [
                0.0,
                0.05
            ],
            "steady_state_voltage": [
                -65.99420868250984,
                0.44868603809071317
            ],
            "steady_state_voltage_stimend": [
                -56.51208940764854,
                0.23710031329237652
            ],
            "voltage_base": [
                -65.76329684618317,
                0.467841690381313
            ]
        }
    },
    "12": {
        "soma": {
            "AHP1_depth_from_peak": [
                85.49614617961996,
                1.5941397286477705
            ],
            "AHP_depth": [
                8.437073642055594,
                0.41318494092716146
            ],
            "AHP_time_from_peak": [
                1.1999999999989086,
                0.09396310816655191
            ],
            "AP1_peak": [
                28.15224850455458,
                1.2712279267036983
            ],
            "AP1_width": [
                0.4130992967314152,
                0.015130429758625394
            ],
            "Spikecount": [
                7.0,
                0.021739130434782608
            ],
            "decay_time_constant_after_stim": [
                13.433278274710252,
                0.13738653865494382
            ],
            "depol_block": [
                1.0,
                0.05
            ],
            "inv_first_ISI": [
                135.13513513525805,
                0.214583806878325
            ],
            "mean_AP_amplitude": [
                61.99229267103677,
                1.9101095709524938
            ],
            "steady_state_voltage": [
                -65.61983082925778,
                0.44868603809071317
            ],
            "steady_state_voltage_stimend": [
                -40.6144702927529,
                0.23710031329237652
            ],
            "time_to_first_spike": [
                22.639993286287336,
                2.2833333333314463
            ],
            "voltage_base": [
                -65.78097131712097,
                0.467841690381313
            ]
        }
    },
    "13": {
        "soma": {
            "AHP1_depth_from_peak": [
                80.96771486224074,
                1.5941397286477705
            ],
            "AHP_depth": [
                9.588239719750952,
                0.41318494092716146
            ],
            "AHP_time_from_peak": [
                0.9999999999990905,
                0.09396310816655191
            ],
            "AP1_peak": [
                25.249518838762903,
                1.2712279267036983
            ],
            "AP1_width": [
                0.4121376268791237,
                0.015130429758625394
            ],
            "Spikecount": [
                35.0,
                0.021739130434782608
            ],
            "decay_time_constant_after_stim": [
                10.86821033467704,
                0.13738653865494382
            ],
            "depol_block": [
                1.0,
                0.05
            ],
            "inv_first_ISI": [
                136.98630136998761,
                0.214583806878325
            ],
            "mean_AP_amplitude": [
                59.46003235545998,
                1.9101095709524938
            ],
            "steady_state_voltage": [
                -64.6356217684627,
                0.44868603809071317
            ],
            "steady_state_voltage_stimend": [
                -41.01562107043048,
                0.23710031329237652
            ],
            "time_to_first_spike": [
                14.239993286294975,
                2.2833333333314463
            ],
            "voltage_base": [
                -65.30643574322879,
                0.467841690381313
            ]
        }
    },
    "4": {
        "soma": {
            "decay_time_constant_after_stim": [
                10.618347941009214,
                0.13738653865494382
            ],
            "sag_amplitude": [
                1.4768795529696916,
                0.026531956162541278
            ],
            "steady_state_voltage": [
                -64.18666861097029,
                0.44868603809071317
            ],
            "steady_state_voltage_stimend": [
                -80.11687044703031,
                0.23710031329237652
            ],
            "voltage_base": [
                -64.05386035464612,
                0.467841690381313
            ]
        }
    },
    "8": {
        "soma": {
            "AHP1_depth_from_peak": [
                90.12274867203499,
                1.5941397286477705
            ],
            "AHP_depth": [
                7.01376298321135,
                0.41318494092716146
            ],
            "AHP_time_from_peak": [
                1.1999999999989086,
                0.09396310816655191
            ],
            "AP1_peak": [
                31.71681117241146,
                1.2712279267036983
            ],
            "AP1_width": [
                0.41381858082726375,
                0.015130429758625394
            ],
            "Spikecount": [
                2.0,
                0.021739130434782608
            ],
            "decay_time_constant_after_stim": [
                13.67752206755205,
                0.13738653865494382
            ],
            "depol_block": [
                1.0,
                0.05
            ],
            "inv_first_ISI": [
                72.21895808858899,
                0.214583806878325
            ],
            "mean_AP_amplitude": [
                64.69251382622156,
                1.9101095709524938
            ],
            "steady_state_voltage": [
                -65.63407151462658,
                0.44868603809071317
            ],
            "steady_state_voltage_stimend": [
                -52.566608146682086,
                0.23710031329237652
            ],
            "time_to_first_spike": [
                61.13999328625232,
                2.2833333333314463
            ],
            "voltage_base": [
                -65.41970048283487,
                0.467841690381313
            ]
        }
    }
}