{
    "10": {
        "soma": {
            "decay_time_constant_after_stim": [
                13.811146263344881,
                0.13738653865494382
            ],
            "steady_state_voltage": [
                -65.99420868250984,
                0.44868603809071317
            ],
            "steady_state_voltage_stimend": [
                -56.51208940764854,
                0.23710031329237652
            ],
            "voltage_base": [
                -65.76329684618317,
                0.467841690381313
            ]
        }
    },
    "4": {
        "soma": {
            "decay_time_constant_after_stim": [
                10.618347941009214,
                0.13738653865494382
            ],
            "sag_amplitude": [
                1.4768795529696916,
                0.026531956162541278
            ],
            "steady_state_voltage": [
                -64.18666861097029,
                0.44868603809071317
            ],
            "steady_state_voltage_stimend": [
                -80.11687044703031,
                0.23710031329237652
            ],
            "voltage_base": [
                -64.05386035464612,
                0.467841690381313
            ]
        }
    },
    "5": {
        "soma": {
            "decay_time_constant_after_stim": [
                10.94629683634172,
                0.13738653865494382
            ],
            "sag_amplitude": [
                1.2428624588422537,
                0.026531956162541278
            ],
            "steady_state_voltage": [
                -64.7468928981569,
                0.44868603809071317
            ],
            "steady_state_voltage_stimend": [
                -77.44463277730223,
                0.23710031329237652
            ],
            "voltage_base": [
                -64.81062972987462,
                0.467841690381313
            ]
        }
    },
    "6": {
        "soma": {
            "decay_time_constant_after_stim": [
                11.628799231410637,
                0.13738653865494382
            ],
            "sag_amplitude": [
                0.7593668121826767,
                0.026531956162541278
            ],
            "steady_state_voltage": [
                -65.096694841137,
                0.44868603809071317
            ],
            "steady_state_voltage_stimend": [
                -70.89678315010323,
                0.23710031329237652
            ],
            "voltage_base": [
                -64.99006915032575,
                0.467841690381313
            ]
        }
    }
}