{
    "AHP1_depth_from_peak": 1.5941397286477705,
    "AHP_depth": 0.41318494092716146,
    "AHP_time_from_peak": 0.09396310816655191,
    "AP1_peak": 1.2712279267036983,
    "AP1_width": 0.015130429758625394,
    "Spikecount": 0.021739130434782608,
    "decay_time_constant_after_stim": 0.13738653865494382,
    "depol_block": 0.0,
    "inv_first_ISI": 0.214583806878325,
    "mean_AP_amplitude": 1.9101095709524938,
    "sag_amplitude": 0.026531956162541278,
    "steady_state_voltage": 0.44868603809071317,
    "steady_state_voltage_stimend": 0.23710031329237652,
    "time_to_first_spike": 2.2833333333314463,
    "voltage_base": 0.467841690381313
}